Class,AUC
0,0.9439401624103386
1,0.9417094316560793
10,0.9714692120899184
11,0.6687276898280448
12,0.48920922316659315
2,0.8152659564251294
3,0.8567823480467683
4,0.7863795913952845
5,0.8402726520982902
6,0.8056605848584623
7,0.9633908933890977
8,0.8441609512195031
9,0.8435239787827986
